,Unnamed: 0,Tiêu đề,Chủ,Phân loại người bán,Địa chỉ,Hãng,Dòng xe,Năm sản xuất,Số Km đã đi,Tình trạng,Hộp số,Nhiên liệu,Kiểu dáng,Số chỗ,Xuất xứ,Chính sách bảo hành,Trọng lượng,Trọng tải,Giá,Đối tác,href
5,5,-,-,-,-,-,-,-,-,-,-,-,-,-,-,-,-,-,-,No,https://xe.chotot.com/mua-ban-oto-quan-binh-tan-tp-ho-chi-minh/110153591.htm
7,7,-,-,-,-,-,-,-,-,-,-,-,-,-,-,-,-,-,-,No,https://xe.chotot.com/mua-ban-oto-quan-thanh-xuan-ha-noi/110221936.htm
44,44,-,-,-,-,-,-,-,-,-,-,-,-,-,-,-,-,-,-,Yes,https://xe.chotot.com/mua-ban-oto-quan-nam-tu-liem-ha-noi/104072529.htm
80,80,-,-,-,-,-,-,-,-,-,-,-,-,-,-,-,-,-,-,Yes,https://xe.chotot.com/mua-ban-oto-quan-bac-tu-liem-ha-noi/110469754.htm
93,93,-,-,-,-,-,-,-,-,-,-,-,-,-,-,-,-,-,-,Yes,https://xe.chotot.com/mua-ban-oto-huyen-thanh-tri-ha-noi/110315237.htm
108,108,-,-,-,-,-,-,-,-,-,-,-,-,-,-,-,-,-,-,No,https://xe.chotot.com/mua-ban-oto-quan-1-tp-ho-chi-minh/109601817.htm#px=SR-special_display_ad-[PO-19][PL-default]
138,138,-,-,-,-,-,-,-,-,-,-,-,-,-,-,-,-,-,-,Yes,https://xe.chotot.com/mua-ban-oto-quan-7-tp-ho-chi-minh/110531623.htm
152,152,-,-,-,-,-,-,-,-,-,-,-,-,-,-,-,-,-,-,No,https://xe.chotot.com/mua-ban-oto-quan-10-tp-ho-chi-minh/110574861.htm
156,156,-,-,-,-,-,-,-,-,-,-,-,-,-,-,-,-,-,-,Yes,https://xe.chotot.com/mua-ban-oto-quan-nam-tu-liem-ha-noi/110304756.htm
195,195,-,-,-,-,-,-,-,-,-,-,-,-,-,-,-,-,-,-,No,https://xe.chotot.com/mua-ban-oto-quan-11-tp-ho-chi-minh/109982070.htm
216,216,-,-,-,-,-,-,-,-,-,-,-,-,-,-,-,-,-,-,No,https://xe.chotot.com/mua-ban-oto-quan-binh-tan-tp-ho-chi-minh/110574322.htm
250,250,-,-,-,-,-,-,-,-,-,-,-,-,-,-,-,-,-,-,Yes,https://xe.chotot.com/mua-ban-oto-quan-binh-tan-tp-ho-chi-minh/110555897.htm
259,259,-,-,-,-,-,-,-,-,-,-,-,-,-,-,-,-,-,-,No,https://xe.chotot.com/mua-ban-oto-quan-dong-da-ha-noi/110388858.htm
267,267,-,-,-,-,-,-,-,-,-,-,-,-,-,-,-,-,-,-,Yes,https://xe.chotot.com/mua-ban-oto-quan-ha-dong-ha-noi/110400234.htm#px=SR-special_display_ad-[PO-18][PL-default]
272,272,-,-,-,-,-,-,-,-,-,-,-,-,-,-,-,-,-,-,Yes,https://xe.chotot.com/mua-ban-oto-quan-tan-phu-tp-ho-chi-minh/110527641.htm
291,291,-,-,-,-,-,-,-,-,-,-,-,-,-,-,-,-,-,-,Yes,https://xe.chotot.com/mua-ban-oto-quan-binh-thanh-tp-ho-chi-minh/107137101.htm
317,317,-,-,-,-,-,-,-,-,-,-,-,-,-,-,-,-,-,-,No,https://xe.chotot.com/mua-ban-oto-quan-cau-giay-ha-noi/109678283.htm
328,328,-,-,-,-,-,-,-,-,-,-,-,-,-,-,-,-,-,-,Yes,https://xe.chotot.com/mua-ban-oto-quan-8-tp-ho-chi-minh/109696785.htm
354,354,-,-,-,-,-,-,-,-,-,-,-,-,-,-,-,-,-,-,Yes,https://xe.chotot.com/mua-ban-oto-quan-10-tp-ho-chi-minh/104726248.htm#px=SR-special_display_ad-[PO-5][PL-default]
391,391,-,-,-,-,-,-,-,-,-,-,-,-,-,-,-,-,-,-,Yes,https://xe.chotot.com/mua-ban-oto-quan-binh-tan-tp-ho-chi-minh/108803712.htm
436,436,-,-,-,-,-,-,-,-,-,-,-,-,-,-,-,-,-,-,No,https://xe.chotot.com/mua-ban-oto-quan-cau-giay-ha-noi/110528073.htm#px=SR-special_display_ad-[PO-7][PL-default]
451,451,-,-,-,-,-,-,-,-,-,-,-,-,-,-,-,-,-,-,Yes,https://xe.chotot.com/mua-ban-oto-quan-7-tp-ho-chi-minh/108522166.htm
454,454,-,-,-,-,-,-,-,-,-,-,-,-,-,-,-,-,-,-,No,https://xe.chotot.com/mua-ban-oto-thanh-pho-vung-tau-ba-ria-vung-tau/110417586.htm
526,526,-,-,-,-,-,-,-,-,-,-,-,-,-,-,-,-,-,-,Yes,https://xe.chotot.com/mua-ban-oto-quan-ba-dinh-ha-noi/110389556.htm
532,532,-,-,-,-,-,-,-,-,-,-,-,-,-,-,-,-,-,-,No,https://xe.chotot.com/mua-ban-oto-quan-12-tp-ho-chi-minh/110371560.htm
541,541,-,-,-,-,-,-,-,-,-,-,-,-,-,-,-,-,-,-,No,https://xe.chotot.com/mua-ban-oto-huyen-cho-gao-tien-giang/110497989.htm
559,559,-,-,-,-,-,-,-,-,-,-,-,-,-,-,-,-,-,-,No,https://xe.chotot.com/mua-ban-oto-huyen-phu-tan-an-giang/110345917.htm
587,587,-,-,-,-,-,-,-,-,-,-,-,-,-,-,-,-,-,-,Yes,https://xe.chotot.com/mua-ban-oto-quan-dong-da-ha-noi/108899183.htm
638,638,-,-,-,-,-,-,-,-,-,-,-,-,-,-,-,-,-,-,No,https://xe.chotot.com/mua-ban-oto-huyen-thanh-tri-ha-noi/110570959.htm
675,675,-,-,-,-,-,-,-,-,-,-,-,-,-,-,-,-,-,-,No,https://xe.chotot.com/mua-ban-oto-quan-hoang-mai-ha-noi/110233461.htm
692,692,-,-,-,-,-,-,-,-,-,-,-,-,-,-,-,-,-,-,No,https://xe.chotot.com/mua-ban-oto-thanh-pho-thu-dau-mot-binh-duong/110570638.htm
695,695,-,-,-,-,-,-,-,-,-,-,-,-,-,-,-,-,-,-,Yes,https://xe.chotot.com/mua-ban-oto-quan-long-bien-ha-noi/110446496.htm
724,724,-,-,-,-,-,-,-,-,-,-,-,-,-,-,-,-,-,-,Yes,https://xe.chotot.com/mua-ban-oto-quan-3-tp-ho-chi-minh/110483765.htm
730,730,-,-,-,-,-,-,-,-,-,-,-,-,-,-,-,-,-,-,Yes,https://xe.chotot.com/mua-ban-oto-quan-long-bien-ha-noi/109923563.htm
741,741,-,-,-,-,-,-,-,-,-,-,-,-,-,-,-,-,-,-,No,https://xe.chotot.com/mua-ban-oto-quan-nam-tu-liem-ha-noi/110570161.htm
771,771,-,-,-,-,-,-,-,-,-,-,-,-,-,-,-,-,-,-,No,https://xe.chotot.com/mua-ban-oto-quan-nam-tu-liem-ha-noi/108613672.htm
772,772,-,-,-,-,-,-,-,-,-,-,-,-,-,-,-,-,-,-,No,https://xe.chotot.com/mua-ban-oto-quan-thanh-xuan-ha-noi/110455851.htm
781,781,-,-,-,-,-,-,-,-,-,-,-,-,-,-,-,-,-,-,No,https://xe.chotot.com/mua-ban-oto-quan-go-vap-tp-ho-chi-minh/110569665.htm
790,790,-,-,-,-,-,-,-,-,-,-,-,-,-,-,-,-,-,-,No,https://xe.chotot.com/mua-ban-oto-quan-hoang-mai-ha-noi/110457384.htm
791,791,-,-,-,-,-,-,-,-,-,-,-,-,-,-,-,-,-,-,Yes,https://xe.chotot.com/mua-ban-oto-quan-thanh-xuan-ha-noi/104593228.htm
794,794,-,-,-,-,-,-,-,-,-,-,-,-,-,-,-,-,-,-,Yes,https://xe.chotot.com/mua-ban-oto-huyen-hoc-mon-tp-ho-chi-minh/109494844.htm
829,829,-,-,-,-,-,-,-,-,-,-,-,-,-,-,-,-,-,-,No,https://xe.chotot.com/mua-ban-oto-quan-ngu-hanh-son-da-nang/110419936.htm
840,840,-,-,-,-,-,-,-,-,-,-,-,-,-,-,-,-,-,-,No,https://xe.chotot.com/mua-ban-oto-quan-ha-dong-ha-noi/110385219.htm
856,856,-,-,-,-,-,-,-,-,-,-,-,-,-,-,-,-,-,-,Yes,https://xe.chotot.com/mua-ban-oto-quan-thanh-xuan-ha-noi/109837512.htm
857,857,-,-,-,-,-,-,-,-,-,-,-,-,-,-,-,-,-,-,No,https://xe.chotot.com/mua-ban-oto-huyen-thuong-tin-ha-noi/110568935.htm
899,899,-,-,-,-,-,-,-,-,-,-,-,-,-,-,-,-,-,-,No,https://xe.chotot.com/mua-ban-oto-quan-nam-tu-liem-ha-noi/101147168.htm
913,913,-,-,-,-,-,-,-,-,-,-,-,-,-,-,-,-,-,-,No,https://xe.chotot.com/mua-ban-oto-quan-ha-dong-ha-noi/110451482.htm
917,917,-,-,-,-,-,-,-,-,-,-,-,-,-,-,-,-,-,-,No,https://xe.chotot.com/mua-ban-oto-quan-go-vap-tp-ho-chi-minh/110016012.htm
935,935,-,-,-,-,-,-,-,-,-,-,-,-,-,-,-,-,-,-,No,https://xe.chotot.com/mua-ban-oto-quan-12-tp-ho-chi-minh/110567807.htm
975,975,-,-,-,-,-,-,-,-,-,-,-,-,-,-,-,-,-,-,No,https://xe.chotot.com/mua-ban-oto-quan-binh-thanh-tp-ho-chi-minh/107467371.htm
1028,1028,-,-,-,-,-,-,-,-,-,-,-,-,-,-,-,-,-,-,No,https://xe.chotot.com/mua-ban-oto-quan-10-tp-ho-chi-minh/103380575.htm
1085,1085,-,-,-,-,-,-,-,-,-,-,-,-,-,-,-,-,-,-,No,https://xe.chotot.com/mua-ban-oto-thanh-pho-bien-hoa-dong-nai/110359564.htm
1104,1104,-,-,-,-,-,-,-,-,-,-,-,-,-,-,-,-,-,-,No,https://xe.chotot.com/mua-ban-oto-quan-go-vap-tp-ho-chi-minh/110064531.htm
1122,1122,-,-,-,-,-,-,-,-,-,-,-,-,-,-,-,-,-,-,No,https://xe.chotot.com/mua-ban-oto-thanh-pho-thu-duc-tp-ho-chi-minh/103823288.htm
1153,1153,-,-,-,-,-,-,-,-,-,-,-,-,-,-,-,-,-,-,No,https://xe.chotot.com/mua-ban-oto-quan-binh-thanh-tp-ho-chi-minh/103299414.htm
1174,1174,-,-,-,-,-,-,-,-,-,-,-,-,-,-,-,-,-,-,No,https://xe.chotot.com/mua-ban-oto-quan-binh-thanh-tp-ho-chi-minh/109966405.htm
1193,1193,-,-,-,-,-,-,-,-,-,-,-,-,-,-,-,-,-,-,No,https://xe.chotot.com/mua-ban-oto-quan-7-tp-ho-chi-minh/110548021.htm
1232,1232,-,-,-,-,-,-,-,-,-,-,-,-,-,-,-,-,-,-,No,https://xe.chotot.com/mua-ban-oto-huyen-long-thanh-dong-nai/110064047.htm
1265,1265,-,-,-,-,-,-,-,-,-,-,-,-,-,-,-,-,-,-,No,https://xe.chotot.com/mua-ban-oto-quan-hoang-mai-ha-noi/107343713.htm
1278,1278,-,-,-,-,-,-,-,-,-,-,-,-,-,-,-,-,-,-,No,https://xe.chotot.com/mua-ban-oto-quan-hoang-mai-ha-noi/109662085.htm
1280,1280,-,-,-,-,-,-,-,-,-,-,-,-,-,-,-,-,-,-,Yes,https://xe.chotot.com/mua-ban-oto-thanh-pho-buon-ma-thuot-dak-lak/109367183.htm
1285,1285,-,-,-,-,-,-,-,-,-,-,-,-,-,-,-,-,-,-,No,https://xe.chotot.com/mua-ban-oto-quan-hoang-mai-ha-noi/102982123.htm
1289,1289,-,-,-,-,-,-,-,-,-,-,-,-,-,-,-,-,-,-,Yes,https://xe.chotot.com/mua-ban-oto-thanh-pho-buon-ma-thuot-dak-lak/108884761.htm
1295,1295,-,-,-,-,-,-,-,-,-,-,-,-,-,-,-,-,-,-,No,https://xe.chotot.com/mua-ban-oto-quan-12-tp-ho-chi-minh/103546579.htm
1299,1299,-,-,-,-,-,-,-,-,-,-,-,-,-,-,-,-,-,-,No,https://xe.chotot.com/mua-ban-oto-quan-hoang-mai-ha-noi/109177429.htm
1304,1304,-,-,-,-,-,-,-,-,-,-,-,-,-,-,-,-,-,-,Yes,https://xe.chotot.com/mua-ban-oto-thanh-pho-buon-ma-thuot-dak-lak/109873060.htm
1309,1309,-,-,-,-,-,-,-,-,-,-,-,-,-,-,-,-,-,-,No,https://xe.chotot.com/mua-ban-oto-quan-go-vap-tp-ho-chi-minh/107393669.htm
1312,1312,-,-,-,-,-,-,-,-,-,-,-,-,-,-,-,-,-,-,No,https://xe.chotot.com/mua-ban-oto-quan-ninh-kieu-can-tho/110544981.htm
1319,1319,-,-,-,-,-,-,-,-,-,-,-,-,-,-,-,-,-,-,Yes,https://xe.chotot.com/mua-ban-oto-thanh-pho-buon-ma-thuot-dak-lak/109585067.htm
1330,1330,-,-,-,-,-,-,-,-,-,-,-,-,-,-,-,-,-,-,Yes,https://xe.chotot.com/mua-ban-oto-thanh-pho-buon-ma-thuot-dak-lak/109961654.htm
1344,1344,-,-,-,-,-,-,-,-,-,-,-,-,-,-,-,-,-,-,Yes,https://xe.chotot.com/mua-ban-oto-thanh-pho-buon-ma-thuot-dak-lak/110187395.htm
1394,1394,-,-,-,-,-,-,-,-,-,-,-,-,-,-,-,-,-,-,No,https://xe.chotot.com/mua-ban-oto-thanh-pho-thu-duc-tp-ho-chi-minh/110269576.htm
1398,1398,-,-,-,-,-,-,-,-,-,-,-,-,-,-,-,-,-,-,No,https://xe.chotot.com/mua-ban-oto-thanh-pho-bien-hoa-dong-nai/108217727.htm
1406,1406,-,-,-,-,-,-,-,-,-,-,-,-,-,-,-,-,-,-,No,https://xe.chotot.com/mua-ban-oto-thanh-pho-thu-duc-tp-ho-chi-minh/110526886.htm
1429,1429,-,-,-,-,-,-,-,-,-,-,-,-,-,-,-,-,-,-,No,https://xe.chotot.com/mua-ban-oto-huyen-quoc-oai-ha-noi/109170499.htm
1431,1431,-,-,-,-,-,-,-,-,-,-,-,-,-,-,-,-,-,-,Yes,https://xe.chotot.com/mua-ban-oto-quan-thanh-xuan-ha-noi/110542186.htm
1478,1478,-,-,-,-,-,-,-,-,-,-,-,-,-,-,-,-,-,-,No,https://xe.chotot.com/mua-ban-oto-quan-cau-giay-ha-noi/110569317.htm
1486,1486,-,-,-,-,-,-,-,-,-,-,-,-,-,-,-,-,-,-,Yes,https://xe.chotot.com/mua-ban-oto-thanh-pho-bien-hoa-dong-nai/108555057.htm#px=SR-stickyad-[PO-2][PL-top]
1487,1487,-,-,-,-,-,-,-,-,-,-,-,-,-,-,-,-,-,-,Yes,https://xe.chotot.com/mua-ban-oto-thanh-pho-bien-hoa-dong-nai/108554575.htm#px=SR-stickyad-[PO-3][PL-top]
1488,1488,-,-,-,-,-,-,-,-,-,-,-,-,-,-,-,-,-,-,Yes,https://xe.chotot.com/mua-ban-oto-thanh-pho-bien-hoa-dong-nai/107736915.htm#px=SR-stickyad-[PO-4][PL-top]
1546,1546,-,-,-,-,-,-,-,-,-,-,-,-,-,-,-,-,-,-,No,https://xe.chotot.com/mua-ban-oto-quan-binh-tan-tp-ho-chi-minh/106871505.htm
1552,1552,-,-,-,-,-,-,-,-,-,-,-,-,-,-,-,-,-,-,Yes,https://xe.chotot.com/mua-ban-oto-quan-10-tp-ho-chi-minh/104726248.htm#px=SR-special_display_ad-[PO-17][PL-default]
1554,1554,-,-,-,-,-,-,-,-,-,-,-,-,-,-,-,-,-,-,No,https://xe.chotot.com/mua-ban-oto-thanh-pho-thu-duc-tp-ho-chi-minh/106650958.htm
1556,1556,-,-,-,-,-,-,-,-,-,-,-,-,-,-,-,-,-,-,Yes,https://xe.chotot.com/mua-ban-oto-quan-10-tp-ho-chi-minh/104726248.htm#px=SR-special_display_ad-[PO-1][PL-default]
1578,1578,-,-,-,-,-,-,-,-,-,-,-,-,-,-,-,-,-,-,No,https://xe.chotot.com/mua-ban-oto-quan-binh-tan-tp-ho-chi-minh/105850879.htm
1591,1591,-,-,-,-,-,-,-,-,-,-,-,-,-,-,-,-,-,-,No,https://xe.chotot.com/mua-ban-oto-quan-tan-binh-tp-ho-chi-minh/91396465.htm
1614,1614,-,-,-,-,-,-,-,-,-,-,-,-,-,-,-,-,-,-,Yes,https://xe.chotot.com/mua-ban-oto-thanh-pho-buon-ma-thuot-dak-lak/110585190.htm
1615,1615,-,-,-,-,-,-,-,-,-,-,-,-,-,-,-,-,-,-,No,https://xe.chotot.com/mua-ban-oto-quan-binh-tan-tp-ho-chi-minh/106998519.htm
1623,1623,-,-,-,-,-,-,-,-,-,-,-,-,-,-,-,-,-,-,No,https://xe.chotot.com/mua-ban-oto-quan-binh-tan-tp-ho-chi-minh/106488276.htm
1660,1660,-,-,-,-,-,-,-,-,-,-,-,-,-,-,-,-,-,-,No,https://xe.chotot.com/mua-ban-oto-quan-binh-tan-tp-ho-chi-minh/106034586.htm
1669,1669,-,-,-,-,-,-,-,-,-,-,-,-,-,-,-,-,-,-,No,https://xe.chotot.com/mua-ban-oto-quan-binh-tan-tp-ho-chi-minh/107081575.htm
1675,1675,-,-,-,-,-,-,-,-,-,-,-,-,-,-,-,-,-,-,No,https://xe.chotot.com/mua-ban-oto-quan-binh-tan-tp-ho-chi-minh/107080669.htm
1680,1680,-,-,-,-,-,-,-,-,-,-,-,-,-,-,-,-,-,-,No,https://xe.chotot.com/mua-ban-oto-quan-thanh-xuan-ha-noi/108861967.htm
1686,1686,-,-,-,-,-,-,-,-,-,-,-,-,-,-,-,-,-,-,No,https://xe.chotot.com/mua-ban-oto-quan-binh-tan-tp-ho-chi-minh/107009669.htm
1691,1691,-,-,-,-,-,-,-,-,-,-,-,-,-,-,-,-,-,-,Yes,https://xe.chotot.com/mua-ban-oto-thanh-pho-bien-hoa-dong-nai/110428974.htm
1705,1705,-,-,-,-,-,-,-,-,-,-,-,-,-,-,-,-,-,-,No,https://xe.chotot.com/mua-ban-oto-quan-8-tp-ho-chi-minh/110424292.htm
1722,1722,-,-,-,-,-,-,-,-,-,-,-,-,-,-,-,-,-,-,No,https://xe.chotot.com/mua-ban-oto-quan-12-tp-ho-chi-minh/104040028.htm
1744,1744,-,-,-,-,-,-,-,-,-,-,-,-,-,-,-,-,-,-,Yes,https://xe.chotot.com/mua-ban-oto-quan-nam-tu-liem-ha-noi/110523847.htm#px=SR-special_display_ad-[PO-16][PL-default]
1759,1759,-,-,-,-,-,-,-,-,-,-,-,-,-,-,-,-,-,-,No,https://xe.chotot.com/mua-ban-oto-quan-tan-binh-tp-ho-chi-minh/91397242.htm
1785,1785,-,-,-,-,-,-,-,-,-,-,-,-,-,-,-,-,-,-,Yes,https://xe.chotot.com/mua-ban-oto-quan-cau-giay-ha-noi/110453925.htm
1844,1844,-,-,-,-,-,-,-,-,-,-,-,-,-,-,-,-,-,-,No,https://xe.chotot.com/mua-ban-oto-quan-tan-binh-tp-ho-chi-minh/93198133.htm
1910,1910,-,-,-,-,-,-,-,-,-,-,-,-,-,-,-,-,-,-,Yes,https://xe.chotot.com/mua-ban-oto-quan-hai-chau-da-nang/110250149.htm
1945,1945,-,-,-,-,-,-,-,-,-,-,-,-,-,-,-,-,-,-,No,https://xe.chotot.com/mua-ban-oto-quan-tan-binh-tp-ho-chi-minh/91013249.htm
1961,1961,-,-,-,-,-,-,-,-,-,-,-,-,-,-,-,-,-,-,Yes,https://xe.chotot.com/mua-ban-oto-quan-binh-thanh-tp-ho-chi-minh/102743766.htm
1981,1981,-,-,-,-,-,-,-,-,-,-,-,-,-,-,-,-,-,-,No,https://xe.chotot.com/mua-ban-oto-quan-long-bien-ha-noi/106759964.htm
2002,2002,-,-,-,-,-,-,-,-,-,-,-,-,-,-,-,-,-,-,No,https://xe.chotot.com/mua-ban-oto-quan-go-vap-tp-ho-chi-minh/110081817.htm
2007,2007,-,-,-,-,-,-,-,-,-,-,-,-,-,-,-,-,-,-,No,https://xe.chotot.com/mua-ban-oto-quan-ha-dong-ha-noi/110582279.htm
2017,2017,-,-,-,-,-,-,-,-,-,-,-,-,-,-,-,-,-,-,No,https://xe.chotot.com/mua-ban-oto-quan-ha-dong-ha-noi/109872643.htm
2020,2020,-,-,-,-,-,-,-,-,-,-,-,-,-,-,-,-,-,-,Yes,https://xe.chotot.com/mua-ban-oto-quan-nam-tu-liem-ha-noi/110533151.htm
2021,2021,-,-,-,-,-,-,-,-,-,-,-,-,-,-,-,-,-,-,No,https://xe.chotot.com/mua-ban-oto-quan-binh-tan-tp-ho-chi-minh/110511378.htm
2025,2025,-,-,-,-,-,-,-,-,-,-,-,-,-,-,-,-,-,-,No,https://xe.chotot.com/mua-ban-oto-quan-ha-dong-ha-noi/110289701.htm
2125,2125,-,-,-,-,-,-,-,-,-,-,-,-,-,-,-,-,-,-,No,https://xe.chotot.com/mua-ban-oto-thanh-pho-bien-hoa-dong-nai/110581503.htm
2133,2133,-,-,-,-,-,-,-,-,-,-,-,-,-,-,-,-,-,-,No,https://xe.chotot.com/mua-ban-oto-thanh-pho-thuan-an-binh-duong/110581422.htm
2150,2150,-,-,-,-,-,-,-,-,-,-,-,-,-,-,-,-,-,-,No,https://xe.chotot.com/mua-ban-oto-quan-tan-binh-tp-ho-chi-minh/105711562.htm
2167,2167,-,-,-,-,-,-,-,-,-,-,-,-,-,-,-,-,-,-,No,https://xe.chotot.com/mua-ban-oto-quan-ngu-hanh-son-da-nang/110581155.htm
2182,2182,-,-,-,-,-,-,-,-,-,-,-,-,-,-,-,-,-,-,No,https://xe.chotot.com/mua-ban-oto-quan-tan-phu-tp-ho-chi-minh/110580909.htm
2188,2188,-,-,-,-,-,-,-,-,-,-,-,-,-,-,-,-,-,-,Yes,https://xe.chotot.com/mua-ban-oto-quan-bac-tu-liem-ha-noi/108759787.htm
2221,2221,-,-,-,-,-,-,-,-,-,-,-,-,-,-,-,-,-,-,No,https://xe.chotot.com/mua-ban-oto-quan-go-vap-tp-ho-chi-minh/108968427.htm
2246,2246,-,-,-,-,-,-,-,-,-,-,-,-,-,-,-,-,-,-,No,https://xe.chotot.com/mua-ban-oto-quan-go-vap-tp-ho-chi-minh/110080215.htm
2258,2258,-,-,-,-,-,-,-,-,-,-,-,-,-,-,-,-,-,-,No,https://xe.chotot.com/mua-ban-oto-quan-dong-da-ha-noi/110580686.htm
2268,2268,-,-,-,-,-,-,-,-,-,-,-,-,-,-,-,-,-,-,Yes,https://xe.chotot.com/mua-ban-oto-quan-7-tp-ho-chi-minh/110364276.htm
2317,2317,-,-,-,-,-,-,-,-,-,-,-,-,-,-,-,-,-,-,No,https://xe.chotot.com/mua-ban-oto-quan-thanh-xuan-ha-noi/108912943.htm
2321,2321,-,-,-,-,-,-,-,-,-,-,-,-,-,-,-,-,-,-,Yes,https://xe.chotot.com/mua-ban-oto-quan-nam-tu-liem-ha-noi/110039108.htm
2333,2333,-,-,-,-,-,-,-,-,-,-,-,-,-,-,-,-,-,-,No,https://xe.chotot.com/mua-ban-oto-quan-12-tp-ho-chi-minh/107915280.htm
2374,2374,-,-,-,-,-,-,-,-,-,-,-,-,-,-,-,-,-,-,Yes,https://xe.chotot.com/mua-ban-oto-quan-nam-tu-liem-ha-noi/110360393.htm
2376,2376,-,-,-,-,-,-,-,-,-,-,-,-,-,-,-,-,-,-,Yes,https://xe.chotot.com/mua-ban-oto-quan-binh-thanh-tp-ho-chi-minh/104034497.htm
2384,2384,-,-,-,-,-,-,-,-,-,-,-,-,-,-,-,-,-,-,No,https://xe.chotot.com/mua-ban-oto-quan-tan-binh-tp-ho-chi-minh/110473664.htm
2391,2391,-,-,-,-,-,-,-,-,-,-,-,-,-,-,-,-,-,-,No,https://xe.chotot.com/mua-ban-oto-quan-12-tp-ho-chi-minh/108349178.htm
2417,2417,-,-,-,-,-,-,-,-,-,-,-,-,-,-,-,-,-,-,Yes,https://xe.chotot.com/mua-ban-oto-quan-nam-tu-liem-ha-noi/109362497.htm
2424,2424,-,-,-,-,-,-,-,-,-,-,-,-,-,-,-,-,-,-,No,https://xe.chotot.com/mua-ban-oto-quan-bac-tu-liem-ha-noi/110555417.htm
2450,2450,-,-,-,-,-,-,-,-,-,-,-,-,-,-,-,-,-,-,No,https://xe.chotot.com/mua-ban-oto-quan-hoang-mai-ha-noi/109533447.htm
2480,2480,-,-,-,-,-,-,-,-,-,-,-,-,-,-,-,-,-,-,Yes,https://xe.chotot.com/mua-ban-oto-quan-nam-tu-liem-ha-noi/108953797.htm
2484,2484,-,-,-,-,-,-,-,-,-,-,-,-,-,-,-,-,-,-,Yes,https://xe.chotot.com/mua-ban-oto-quan-binh-thanh-tp-ho-chi-minh/107141100.htm
2485,2485,-,-,-,-,-,-,-,-,-,-,-,-,-,-,-,-,-,-,No,https://xe.chotot.com/mua-ban-oto-quan-12-tp-ho-chi-minh/109223854.htm
2507,2507,-,-,-,-,-,-,-,-,-,-,-,-,-,-,-,-,-,-,No,https://xe.chotot.com/mua-ban-oto-thanh-pho-thu-duc-tp-ho-chi-minh/109896488.htm
2547,2547,-,-,-,-,-,-,-,-,-,-,-,-,-,-,-,-,-,-,Yes,https://xe.chotot.com/mua-ban-oto-quan-nam-tu-liem-ha-noi/109567760.htm
2549,2549,-,-,-,-,-,-,-,-,-,-,-,-,-,-,-,-,-,-,Yes,https://xe.chotot.com/mua-ban-oto-quan-nam-tu-liem-ha-noi/110554051.htm#px=SR-special_display_ad-[PO-16][PL-default]
2570,2570,-,-,-,-,-,-,-,-,-,-,-,-,-,-,-,-,-,-,No,https://xe.chotot.com/mua-ban-oto-quan-binh-tan-tp-ho-chi-minh/110553846.htm
2615,2615,-,-,-,-,-,-,-,-,-,-,-,-,-,-,-,-,-,-,No,https://xe.chotot.com/mua-ban-oto-quan-tan-binh-tp-ho-chi-minh/107899078.htm
2642,2642,-,-,-,-,-,-,-,-,-,-,-,-,-,-,-,-,-,-,Yes,https://xe.chotot.com/mua-ban-oto-quan-long-bien-ha-noi/109872301.htm
2657,2657,-,-,-,-,-,-,-,-,-,-,-,-,-,-,-,-,-,-,No,https://xe.chotot.com/mua-ban-oto-quan-tan-binh-tp-ho-chi-minh/90406076.htm
2687,2687,-,-,-,-,-,-,-,-,-,-,-,-,-,-,-,-,-,-,No,https://xe.chotot.com/mua-ban-oto-thanh-pho-bien-hoa-dong-nai/110552442.htm
2730,2730,-,-,-,-,-,-,-,-,-,-,-,-,-,-,-,-,-,-,No,https://xe.chotot.com/mua-ban-oto-thanh-pho-thu-duc-tp-ho-chi-minh/107770604.htm
2732,2732,-,-,-,-,-,-,-,-,-,-,-,-,-,-,-,-,-,-,No,https://xe.chotot.com/mua-ban-oto-quan-go-vap-tp-ho-chi-minh/108910993.htm
2825,2825,-,-,-,-,-,-,-,-,-,-,-,-,-,-,-,-,-,-,No,https://xe.chotot.com/mua-ban-oto-quan-12-tp-ho-chi-minh/110388939.htm
2840,2840,-,-,-,-,-,-,-,-,-,-,-,-,-,-,-,-,-,-,No,https://xe.chotot.com/mua-ban-oto-quan-tan-phu-tp-ho-chi-minh/110505932.htm
2852,2852,-,-,-,-,-,-,-,-,-,-,-,-,-,-,-,-,-,-,No,https://xe.chotot.com/mua-ban-oto-huyen-trang-bom-dong-nai/110551010.htm
2859,2859,-,-,-,-,-,-,-,-,-,-,-,-,-,-,-,-,-,-,No,https://xe.chotot.com/mua-ban-oto-quan-12-tp-ho-chi-minh/106275651.htm
2862,2862,-,-,-,-,-,-,-,-,-,-,-,-,-,-,-,-,-,-,No,https://xe.chotot.com/mua-ban-oto-quan-tan-binh-tp-ho-chi-minh/110550863.htm
2874,2874,-,-,-,-,-,-,-,-,-,-,-,-,-,-,-,-,-,-,No,https://xe.chotot.com/mua-ban-oto-quan-binh-tan-tp-ho-chi-minh/110488277.htm
2878,2878,-,-,-,-,-,-,-,-,-,-,-,-,-,-,-,-,-,-,No,https://xe.chotot.com/mua-ban-oto-quan-binh-thanh-tp-ho-chi-minh/110439185.htm
2891,2891,-,-,-,-,-,-,-,-,-,-,-,-,-,-,-,-,-,-,No,https://xe.chotot.com/mua-ban-oto-huyen-hoc-mon-tp-ho-chi-minh/109986712.htm
2900,2900,-,-,-,-,-,-,-,-,-,-,-,-,-,-,-,-,-,-,No,https://xe.chotot.com/mua-ban-oto-thanh-pho-thu-duc-tp-ho-chi-minh/110338979.htm#px=SR-special_display_ad-[PO-12][PL-default]
2903,2903,-,-,-,-,-,-,-,-,-,-,-,-,-,-,-,-,-,-,No,https://xe.chotot.com/mua-ban-oto-quan-go-vap-tp-ho-chi-minh/110420909.htm
2909,2909,-,-,-,-,-,-,-,-,-,-,-,-,-,-,-,-,-,-,No,https://xe.chotot.com/mua-ban-oto-quan-6-tp-ho-chi-minh/110458007.htm
2916,2916,-,-,-,-,-,-,-,-,-,-,-,-,-,-,-,-,-,-,Yes,https://xe.chotot.com/mua-ban-oto-quan-7-tp-ho-chi-minh/110336958.htm
2931,2931,-,-,-,-,-,-,-,-,-,-,-,-,-,-,-,-,-,-,No,https://xe.chotot.com/mua-ban-oto-quan-go-vap-tp-ho-chi-minh/97038137.htm
2934,2934,-,-,-,-,-,-,-,-,-,-,-,-,-,-,-,-,-,-,No,https://xe.chotot.com/mua-ban-oto-quan-7-tp-ho-chi-minh/109302786.htm
2935,2935,-,-,-,-,-,-,-,-,-,-,-,-,-,-,-,-,-,-,No,https://xe.chotot.com/mua-ban-oto-huyen-dong-anh-ha-noi/110205368.htm
2936,2936,-,-,-,-,-,-,-,-,-,-,-,-,-,-,-,-,-,-,No,https://xe.chotot.com/mua-ban-oto-quan-12-tp-ho-chi-minh/110519138.htm
2981,2981,-,-,-,-,-,-,-,-,-,-,-,-,-,-,-,-,-,-,No,https://xe.chotot.com/mua-ban-oto-quan-cai-rang-can-tho/105135959.htm
2990,2990,-,-,-,-,-,-,-,-,-,-,-,-,-,-,-,-,-,-,Yes,https://xe.chotot.com/mua-ban-oto-quan-11-tp-ho-chi-minh/108773180.htm
2994,2994,-,-,-,-,-,-,-,-,-,-,-,-,-,-,-,-,-,-,No,https://xe.chotot.com/mua-ban-oto-huyen-chon-thanh-binh-phuoc/110547197.htm
2997,2997,-,-,-,-,-,-,-,-,-,-,-,-,-,-,-,-,-,-,No,https://xe.chotot.com/mua-ban-oto-thi-xa-son-tay-ha-noi/110545340.htm
2998,2998,-,-,-,-,-,-,-,-,-,-,-,-,-,-,-,-,-,-,No,https://xe.chotot.com/mua-ban-oto-quan-ha-dong-ha-noi/109537284.htm
3003,3003,-,-,-,-,-,-,-,-,-,-,-,-,-,-,-,-,-,-,No,https://xe.chotot.com/mua-ban-oto-huyen-long-thanh-dong-nai/110544080.htm
3006,3006,-,-,-,-,-,-,-,-,-,-,-,-,-,-,-,-,-,-,No,https://xe.chotot.com/mua-ban-oto-huyen-dong-anh-ha-noi/109749035.htm
3013,3013,-,-,-,-,-,-,-,-,-,-,-,-,-,-,-,-,-,-,No,https://xe.chotot.com/mua-ban-oto-quan-thanh-khe-da-nang/110542954.htm
3017,3017,-,-,-,-,-,-,-,-,-,-,-,-,-,-,-,-,-,-,No,https://xe.chotot.com/mua-ban-oto-thanh-pho-thu-duc-tp-ho-chi-minh/110542661.htm
3018,3018,-,-,-,-,-,-,-,-,-,-,-,-,-,-,-,-,-,-,No,https://xe.chotot.com/mua-ban-oto-thanh-pho-bien-hoa-dong-nai/110542658.htm
3024,3024,-,-,-,-,-,-,-,-,-,-,-,-,-,-,-,-,-,-,No,https://xe.chotot.com/mua-ban-oto-huyen-long-thanh-dong-nai/108855764.htm
3026,3026,-,-,-,-,-,-,-,-,-,-,-,-,-,-,-,-,-,-,No,https://xe.chotot.com/mua-ban-oto-thanh-pho-thu-duc-tp-ho-chi-minh/110541235.htm
3056,3056,-,-,-,-,-,-,-,-,-,-,-,-,-,-,-,-,-,-,No,https://xe.chotot.com/mua-ban-oto-quan-tan-phu-tp-ho-chi-minh/108907370.htm
3057,3057,-,-,-,-,-,-,-,-,-,-,-,-,-,-,-,-,-,-,No,https://xe.chotot.com/mua-ban-oto-quan-12-tp-ho-chi-minh/110540433.htm
3071,3071,-,-,-,-,-,-,-,-,-,-,-,-,-,-,-,-,-,-,No,https://xe.chotot.com/mua-ban-oto-quan-tan-binh-tp-ho-chi-minh/107914613.htm
3078,3078,-,-,-,-,-,-,-,-,-,-,-,-,-,-,-,-,-,-,Yes,https://xe.chotot.com/mua-ban-oto-thanh-pho-thu-duc-tp-ho-chi-minh/110251706.htm
3081,3081,-,-,-,-,-,-,-,-,-,-,-,-,-,-,-,-,-,-,No,https://xe.chotot.com/mua-ban-oto-thanh-pho-buon-ma-thuot-dak-lak/109300970.htm
3093,3093,-,-,-,-,-,-,-,-,-,-,-,-,-,-,-,-,-,-,Yes,https://xe.chotot.com/mua-ban-oto-quan-long-bien-ha-noi/107015034.htm
3184,3184,-,-,-,-,-,-,-,-,-,-,-,-,-,-,-,-,-,-,No,https://xe.chotot.com/mua-ban-oto-huyen-cam-my-dong-nai/110537536.htm
3202,3202,-,-,-,-,-,-,-,-,-,-,-,-,-,-,-,-,-,-,No,https://xe.chotot.com/mua-ban-oto-quan-binh-tan-tp-ho-chi-minh/107882613.htm
3217,3217,-,-,-,-,-,-,-,-,-,-,-,-,-,-,-,-,-,-,No,https://xe.chotot.com/mua-ban-oto-thi-xa-tan-uyen-binh-duong/108823485.htm
3242,3242,-,-,-,-,-,-,-,-,-,-,-,-,-,-,-,-,-,-,Yes,https://xe.chotot.com/mua-ban-oto-thanh-pho-thu-duc-tp-ho-chi-minh/109866367.htm
3245,3245,-,-,-,-,-,-,-,-,-,-,-,-,-,-,-,-,-,-,Yes,https://xe.chotot.com/mua-ban-oto-quan-long-bien-ha-noi/106712652.htm
3252,3252,-,-,-,-,-,-,-,-,-,-,-,-,-,-,-,-,-,-,No,https://xe.chotot.com/mua-ban-oto-quan-binh-tan-tp-ho-chi-minh/109186172.htm
3261,3261,-,-,-,-,-,-,-,-,-,-,-,-,-,-,-,-,-,-,Yes,https://xe.chotot.com/mua-ban-oto-quan-long-bien-ha-noi/104967161.htm
3269,3269,-,-,-,-,-,-,-,-,-,-,-,-,-,-,-,-,-,-,No,https://xe.chotot.com/mua-ban-oto-quan-binh-tan-tp-ho-chi-minh/106010636.htm
3297,3297,-,-,-,-,-,-,-,-,-,-,-,-,-,-,-,-,-,-,No,https://xe.chotot.com/mua-ban-oto-quan-binh-tan-tp-ho-chi-minh/107517449.htm
3304,3304,-,-,-,-,-,-,-,-,-,-,-,-,-,-,-,-,-,-,No,https://xe.chotot.com/mua-ban-oto-quan-binh-tan-tp-ho-chi-minh/105908759.htm
3315,3315,-,-,-,-,-,-,-,-,-,-,-,-,-,-,-,-,-,-,Yes,https://xe.chotot.com/mua-ban-oto-quan-7-tp-ho-chi-minh/110534672.htm
3318,3318,-,-,-,-,-,-,-,-,-,-,-,-,-,-,-,-,-,-,Yes,https://xe.chotot.com/mua-ban-oto-quan-7-tp-ho-chi-minh/109949141.htm
3321,3321,-,-,-,-,-,-,-,-,-,-,-,-,-,-,-,-,-,-,No,https://xe.chotot.com/mua-ban-oto-huyen-dong-anh-ha-noi/109494960.htm
3329,3329,-,-,-,-,-,-,-,-,-,-,-,-,-,-,-,-,-,-,No,https://xe.chotot.com/mua-ban-oto-thanh-pho-bien-hoa-dong-nai/109896151.htm
3337,3337,-,-,-,-,-,-,-,-,-,-,-,-,-,-,-,-,-,-,No,https://xe.chotot.com/mua-ban-oto-quan-binh-tan-tp-ho-chi-minh/110076391.htm
3340,3340,-,-,-,-,-,-,-,-,-,-,-,-,-,-,-,-,-,-,No,https://xe.chotot.com/mua-ban-oto-thanh-pho-thu-duc-tp-ho-chi-minh/107932602.htm
3349,3349,-,-,-,-,-,-,-,-,-,-,-,-,-,-,-,-,-,-,No,https://xe.chotot.com/mua-ban-oto-quan-binh-tan-tp-ho-chi-minh/106009585.htm
3350,3350,-,-,-,-,-,-,-,-,-,-,-,-,-,-,-,-,-,-,No,https://xe.chotot.com/mua-ban-oto-quan-binh-tan-tp-ho-chi-minh/110534202.htm
3361,3361,-,-,-,-,-,-,-,-,-,-,-,-,-,-,-,-,-,-,Yes,https://xe.chotot.com/mua-ban-oto-quan-11-tp-ho-chi-minh/109275976.htm
3377,3377,-,-,-,-,-,-,-,-,-,-,-,-,-,-,-,-,-,-,Yes,https://xe.chotot.com/mua-ban-oto-quan-long-bien-ha-noi/108893000.htm
3378,3378,-,-,-,-,-,-,-,-,-,-,-,-,-,-,-,-,-,-,No,https://xe.chotot.com/mua-ban-oto-quan-binh-thanh-tp-ho-chi-minh/103285422.htm
3391,3391,-,-,-,-,-,-,-,-,-,-,-,-,-,-,-,-,-,-,Yes,https://xe.chotot.com/mua-ban-oto-quan-7-tp-ho-chi-minh/110277919.htm
3394,3394,-,-,-,-,-,-,-,-,-,-,-,-,-,-,-,-,-,-,No,https://xe.chotot.com/mua-ban-oto-quan-go-vap-tp-ho-chi-minh/101006635.htm
3425,3425,-,-,-,-,-,-,-,-,-,-,-,-,-,-,-,-,-,-,Yes,https://xe.chotot.com/mua-ban-oto-thanh-pho-bien-hoa-dong-nai/108555057.htm
3429,3429,-,-,-,-,-,-,-,-,-,-,-,-,-,-,-,-,-,-,No,https://xe.chotot.com/mua-ban-oto-quan-12-tp-ho-chi-minh/110502086.htm
3430,3430,-,-,-,-,-,-,-,-,-,-,-,-,-,-,-,-,-,-,Yes,https://xe.chotot.com/mua-ban-oto-thanh-pho-thu-duc-tp-ho-chi-minh/100977310.htm
3435,3435,-,-,-,-,-,-,-,-,-,-,-,-,-,-,-,-,-,-,No,https://xe.chotot.com/mua-ban-oto-quan-7-tp-ho-chi-minh/110532675.htm
3440,3440,-,-,-,-,-,-,-,-,-,-,-,-,-,-,-,-,-,-,No,https://xe.chotot.com/mua-ban-oto-quan-cau-giay-ha-noi/108640933.htm
3457,3457,-,-,-,-,-,-,-,-,-,-,-,-,-,-,-,-,-,-,Yes,https://xe.chotot.com/mua-ban-oto-quan-11-tp-ho-chi-minh/110339243.htm
3460,3460,-,-,-,-,-,-,-,-,-,-,-,-,-,-,-,-,-,-,No,https://xe.chotot.com/mua-ban-oto-quan-7-tp-ho-chi-minh/110532274.htm
3470,3470,-,-,-,-,-,-,-,-,-,-,-,-,-,-,-,-,-,-,No,https://xe.chotot.com/mua-ban-oto-quan-7-tp-ho-chi-minh/110532074.htm
3490,3490,-,-,-,-,-,-,-,-,-,-,-,-,-,-,-,-,-,-,Yes,https://xe.chotot.com/mua-ban-oto-thanh-pho-bien-hoa-dong-nai/108554575.htm
3507,3507,-,-,-,-,-,-,-,-,-,-,-,-,-,-,-,-,-,-,No,https://xe.chotot.com/mua-ban-oto-thanh-pho-di-an-binh-duong/110531485.htm#px=SR-special_display_ad-[PO-5][PL-default]
3516,3516,-,-,-,-,-,-,-,-,-,-,-,-,-,-,-,-,-,-,No,https://xe.chotot.com/mua-ban-oto-thanh-pho-quang-ngai-quang-ngai/110531353.htm
3522,3522,-,-,-,-,-,-,-,-,-,-,-,-,-,-,-,-,-,-,No,https://xe.chotot.com/mua-ban-oto-thanh-pho-bien-hoa-dong-nai/110531272.htm
3525,3525,-,-,-,-,-,-,-,-,-,-,-,-,-,-,-,-,-,-,Yes,https://xe.chotot.com/mua-ban-oto-thanh-pho-bien-hoa-dong-nai/107736915.htm
3561,3561,-,-,-,-,-,-,-,-,-,-,-,-,-,-,-,-,-,-,Yes,https://xe.chotot.com/mua-ban-oto-quan-ba-dinh-ha-noi/108891365.htm
3563,3563,-,-,-,-,-,-,-,-,-,-,-,-,-,-,-,-,-,-,Yes,https://xe.chotot.com/mua-ban-oto-quan-7-tp-ho-chi-minh/110377829.htm
3576,3576,-,-,-,-,-,-,-,-,-,-,-,-,-,-,-,-,-,-,No,https://xe.chotot.com/mua-ban-oto-quan-tan-binh-tp-ho-chi-minh/108081113.htm
3590,3590,-,-,-,-,-,-,-,-,-,-,-,-,-,-,-,-,-,-,Yes,https://xe.chotot.com/mua-ban-oto-quan-7-tp-ho-chi-minh/109475067.htm
3593,3593,-,-,-,-,-,-,-,-,-,-,-,-,-,-,-,-,-,-,No,https://xe.chotot.com/mua-ban-oto-quan-binh-thuy-can-tho/110530291.htm
3597,3597,-,-,-,-,-,-,-,-,-,-,-,-,-,-,-,-,-,-,No,https://xe.chotot.com/mua-ban-oto-quan-binh-thuy-can-tho/110530184.htm
